{
  "angleJoystickRadiusDeadband": 0.1567,
  "heading": {
    "p": 0.330124657,
    "i": 0.0,
    "d": 0.00056482673
  }
}